{"inputUnits":[34],"outputUnits":3,"inputs":{"0":{"dtype":"number","min":288.23901224692975,"max":409.2404424170112},"1":{"dtype":"number","min":28.89260139910627,"max":240.759945286851},"2":{"dtype":"number","min":298.7400313202973,"max":420.04901099297786},"3":{"dtype":"number","min":19.343321091470088,"max":231.73648700639893},"4":{"dtype":"number","min":279.2266770745066,"max":400.8885657462628},"5":{"dtype":"number","min":19.63775516020185,"max":233.24154271225984},"6":{"dtype":"number","min":316.52467824141803,"max":433.7269316202008},"7":{"dtype":"number","min":28.526561455040124,"max":230.03740125129195},"8":{"dtype":"number","min":268.8003836902663,"max":384.92306720421936},"9":{"dtype":"number","min":28.8367376067759,"max":241.40385223269925},"10":{"dtype":"number","min":339.84734679938293,"max":448.0232452511324},"11":{"dtype":"number","min":81.22914503520565,"max":265.42691835633514},"12":{"dtype":"number","min":254.88136499308428,"max":380.3168912063777},"13":{"dtype":"number","min":83.1338017088894,"max":271.22092636642753},"14":{"dtype":"number","min":388.5525678938929,"max":473.1095351875988},"15":{"dtype":"number","min":149.5516599662573,"max":315.80566554681803},"16":{"dtype":"number","min":173.8412701202274,"max":345.07448782716745},"17":{"dtype":"number","min":138.7022500835968,"max":330.48801763512284},"18":{"dtype":"number","min":356.6729559694283,"max":506.44085242126704},"19":{"dtype":"number","min":191.77533635833385,"max":326.87690052077},"20":{"dtype":"number","min":103.49681928463947,"max":352.4049264633238},"21":{"dtype":"number","min":143.3829210333323,"max":328.84519109466197},"22":{"dtype":"number","min":311.9499372786585,"max":425.06478988706834},"23":{"dtype":"number","min":209.70675694803322,"max":353.4149247106411},"24":{"dtype":"number","min":254.11720127447106,"max":359.75073194689327},"25":{"dtype":"number","min":210.94498808745743,"max":358.7169602687257},"26":{"dtype":"number","min":374.8315833421997,"max":442.35801845209147},"27":{"dtype":"number","min":308.09689532921936,"max":365.4365272373541},"28":{"dtype":"number","min":189.2119078877371,"max":335.6187658643908},"29":{"dtype":"number","min":308.68335649661054,"max":366.80130954846334},"30":{"dtype":"number","min":348.0172242635883,"max":404.38071878039887},"31":{"dtype":"number","min":419.1445899102475,"max":450.9221058411357},"32":{"dtype":"number","min":111.33388890366611,"max":376.1629987783469},"33":{"dtype":"number","min":373.1959967112263,"max":443.2891014485044}},"outputs":{"0":{"dtype":"string","min":0,"max":1,"uniqueValues":["squat","stretch","warrior"],"legend":{"squat":[1,0,0],"stretch":[0,1,0],"warrior":[0,0,1]}}},"isNormalized":true}